time,iter,epoch,source,target,model,optimizer,batch_size,lr,train_acc,val_acc,test_acc,train_loss,val_loss,test_loss
2020-03-17 12:52:11,29,0,MNIST,USPS,MYMADA_BCEweight_entropyTrue_lateraugment,Adam,256,0.001,0.8433,0.8933,0.6801,0.9556,0.0000,0.0000
2020-03-17 12:53:06,58,1,MNIST,USPS,MYMADA_BCEweight_entropyTrue_lateraugment,Adam,256,0.001,0.9646,0.9565,0.7683,0.2504,0.0000,0.0000
2020-03-17 12:54:03,87,2,MNIST,USPS,MYMADA_BCEweight_entropyTrue_lateraugment,Adam,256,0.001,0.9721,0.9761,0.8465,0.1735,0.0000,0.0000
2020-03-17 12:54:58,116,3,MNIST,USPS,MYMADA_BCEweight_entropyTrue_lateraugment,Adam,256,0.001,0.9786,0.9493,0.8799,0.1484,0.0000,0.0000
2020-03-17 12:55:49,145,4,MNIST,USPS,MYMADA_BCEweight_entropyTrue_lateraugment,Adam,256,0.001,0.9806,0.9677,0.8685,0.1466,0.0000,0.0000
2020-03-17 12:56:38,174,5,MNIST,USPS,MYMADA_BCEweight_entropyTrue_lateraugment,Adam,256,0.001,0.9775,0.9632,0.8869,0.1508,0.0000,0.0000
2020-03-17 12:57:22,203,6,MNIST,USPS,MYMADA_BCEweight_entropyTrue_lateraugment,Adam,256,0.001,0.9809,0.9687,0.9322,0.1523,0.0000,0.0000
2020-03-17 12:58:06,232,7,MNIST,USPS,MYMADA_BCEweight_entropyTrue_lateraugment,Adam,256,0.001,0.9806,0.9814,0.9198,0.1660,0.0000,0.0000
2020-03-17 12:58:50,261,8,MNIST,USPS,MYMADA_BCEweight_entropyTrue_lateraugment,Adam,256,0.001,0.9828,0.9699,0.9103,0.1686,0.0000,0.0000
2020-03-17 12:59:37,290,9,MNIST,USPS,MYMADA_BCEweight_entropyTrue_lateraugment,Adam,256,0.001,0.9814,0.9533,0.9183,0.1738,0.0000,0.0000
2020-03-17 13:00:26,319,10,MNIST,USPS,MYMADA_BCEweight_entropyTrue_lateraugment,Adam,256,0.001,0.9803,0.9783,0.9327,0.1801,0.0000,0.0000
2020-03-17 13:01:12,348,11,MNIST,USPS,MYMADA_BCEweight_entropyTrue_lateraugment,Adam,256,0.001,0.9852,0.9545,0.9292,0.1791,0.0000,0.0000
2020-03-17 13:01:59,377,12,MNIST,USPS,MYMADA_BCEweight_entropyTrue_lateraugment,Adam,256,0.001,0.9818,0.9738,0.9163,0.1930,0.0000,0.0000
2020-03-17 13:02:50,406,13,MNIST,USPS,MYMADA_BCEweight_entropyTrue_lateraugment,Adam,256,0.001,0.9817,0.9572,0.9243,0.2010,0.0000,0.0000
2020-03-17 13:03:37,435,14,MNIST,USPS,MYMADA_BCEweight_entropyTrue_lateraugment,Adam,256,0.001,0.9818,0.9757,0.8829,0.2175,0.0000,0.0000
2020-03-17 13:04:25,464,15,MNIST,USPS,MYMADA_BCEweight_entropyTrue_lateraugment,Adam,256,0.001,0.9853,0.9661,0.9113,0.2171,0.0000,0.0000
2020-03-17 13:05:18,493,16,MNIST,USPS,MYMADA_BCEweight_entropyTrue_lateraugment,Adam,256,0.001,0.9832,0.9782,0.9292,0.2328,0.0000,0.0000
2020-03-17 13:06:29,522,17,MNIST,USPS,MYMADA_BCEweight_entropyTrue_lateraugment,Adam,256,0.001,0.9814,0.9659,0.9248,0.2456,0.0000,0.0000
2020-03-17 13:07:48,551,18,MNIST,USPS,MYMADA_BCEweight_entropyTrue_lateraugment,Adam,256,0.001,0.9832,0.9457,0.9238,0.2447,0.0000,0.0000
2020-03-17 13:09:18,580,19,MNIST,USPS,MYMADA_BCEweight_entropyTrue_lateraugment,Adam,256,0.001,0.9857,0.9680,0.9228,0.2480,0.0000,0.0000
2020-03-17 13:10:52,609,20,MNIST,USPS,MYMADA_BCEweight_entropyTrue_lateraugment,Adam,256,0.001,0.9828,0.9830,0.8889,0.2650,0.0000,0.0000
2020-03-17 13:12:27,638,21,MNIST,USPS,MYMADA_BCEweight_entropyTrue_lateraugment,Adam,256,0.001,0.9818,0.9528,0.9362,0.2662,0.0000,0.0000
2020-03-17 13:14:03,667,22,MNIST,USPS,MYMADA_BCEweight_entropyTrue_lateraugment,Adam,256,0.001,0.9824,0.9598,0.9477,0.2617,0.0000,0.0000
2020-03-17 13:15:46,696,23,MNIST,USPS,MYMADA_BCEweight_entropyTrue_lateraugment,Adam,256,0.001,0.9832,0.9791,0.9362,0.2619,0.0000,0.0000
2020-03-17 13:17:45,725,24,MNIST,USPS,MYMADA_BCEweight_entropyTrue_lateraugment,Adam,256,0.001,0.9840,0.9805,0.9138,0.2762,0.0000,0.0000
2020-03-17 13:20:01,754,25,MNIST,USPS,MYMADA_BCEweight_entropyTrue_lateraugment,Adam,256,0.001,0.9834,0.9550,0.9447,0.2756,0.0000,0.0000
2020-03-17 13:22:41,783,26,MNIST,USPS,MYMADA_BCEweight_entropyTrue_lateraugment,Adam,256,0.001,0.9828,0.9717,0.9472,0.2793,0.0000,0.0000
2020-03-17 13:25:31,812,27,MNIST,USPS,MYMADA_BCEweight_entropyTrue_lateraugment,Adam,256,0.001,0.9841,0.9805,0.9238,0.2749,0.0000,0.0000
2020-03-17 13:28:23,841,28,MNIST,USPS,MYMADA_BCEweight_entropyTrue_lateraugment,Adam,256,0.001,0.9860,0.9823,0.9123,0.2772,0.0000,0.0000
2020-03-17 13:31:22,870,29,MNIST,USPS,MYMADA_BCEweight_entropyTrue_lateraugment,Adam,256,0.001,0.9856,0.9749,0.9327,0.2883,0.0000,0.0000
2020-03-17 13:34:23,899,30,MNIST,USPS,MYMADA_BCEweight_entropyTrue_lateraugment,Adam,256,0.001,0.9811,0.9689,0.9377,0.2814,0.0000,0.0000
2020-03-17 13:37:33,928,31,MNIST,USPS,MYMADA_BCEweight_entropyTrue_lateraugment,Adam,256,0.001,0.9859,0.9518,0.9382,0.2835,0.0000,0.0000
2020-03-17 13:41:34,957,32,MNIST,USPS,MYMADA_BCEweight_entropyTrue_lateraugment,Adam,256,0.001,0.9842,0.9744,0.9422,0.2906,0.0000,0.0000
2020-03-17 13:45:43,986,33,MNIST,USPS,MYMADA_BCEweight_entropyTrue_lateraugment,Adam,256,0.001,0.9842,0.9423,0.9243,0.2901,0.0000,0.0000
2020-03-17 13:49:39,1015,34,MNIST,USPS,MYMADA_BCEweight_entropyTrue_lateraugment,Adam,256,0.001,0.9840,0.9640,0.9307,0.2923,0.0000,0.0000
2020-03-17 13:53:40,1044,35,MNIST,USPS,MYMADA_BCEweight_entropyTrue_lateraugment,Adam,256,0.001,0.9859,0.9841,0.9407,0.2922,0.0000,0.0000
2020-03-17 13:57:45,1073,36,MNIST,USPS,MYMADA_BCEweight_entropyTrue_lateraugment,Adam,256,0.001,0.9840,0.9843,0.9263,0.2983,0.0000,0.0000
2020-03-17 14:01:54,1102,37,MNIST,USPS,MYMADA_BCEweight_entropyTrue_lateraugment,Adam,256,0.001,0.9877,0.9849,0.9248,0.2950,0.0000,0.0000
2020-03-17 14:06:08,1131,38,MNIST,USPS,MYMADA_BCEweight_entropyTrue_lateraugment,Adam,256,0.001,0.9877,0.9736,0.9367,0.2904,0.0000,0.0000
2020-03-17 14:10:20,1160,39,MNIST,USPS,MYMADA_BCEweight_entropyTrue_lateraugment,Adam,256,0.001,0.9877,0.9729,0.9482,0.2968,0.0000,0.0000
2020-03-17 14:15:04,1189,40,MNIST,USPS,MYMADA_BCEweight_entropyTrue_lateraugment,Adam,256,0.001,0.9863,0.9720,0.9522,0.2998,0.0000,0.0000
2020-03-17 14:20:07,1218,41,MNIST,USPS,MYMADA_BCEweight_entropyTrue_lateraugment,Adam,256,0.001,0.9838,0.9816,0.9377,0.3022,0.0000,0.0000
2020-03-17 14:25:17,1247,42,MNIST,USPS,MYMADA_BCEweight_entropyTrue_lateraugment,Adam,256,0.001,0.9865,0.9666,0.9467,0.2998,0.0000,0.0000
2020-03-17 14:31:40,1276,43,MNIST,USPS,MYMADA_BCEweight_entropyTrue_lateraugment,Adam,256,0.001,0.9859,0.9890,0.9427,0.3018,0.0000,0.0000
2020-03-17 14:36:33,1305,44,MNIST,USPS,MYMADA_BCEweight_entropyTrue_lateraugment,Adam,256,0.001,0.9857,0.9861,0.9402,0.3026,0.0000,0.0000
2020-03-17 14:41:23,1334,45,MNIST,USPS,MYMADA_BCEweight_entropyTrue_lateraugment,Adam,256,0.001,0.9877,0.9576,0.9562,0.2993,0.0000,0.0000
2020-03-17 14:46:17,1363,46,MNIST,USPS,MYMADA_BCEweight_entropyTrue_lateraugment,Adam,256,0.001,0.9890,0.9818,0.9452,0.2994,0.0000,0.0000
2020-03-17 14:52:23,1392,47,MNIST,USPS,MYMADA_BCEweight_entropyTrue_lateraugment,Adam,256,0.001,0.9876,0.9818,0.9472,0.3022,0.0000,0.0000
2020-03-17 14:58:06,1421,48,MNIST,USPS,MYMADA_BCEweight_entropyTrue_lateraugment,Adam,256,0.001,0.9846,0.9794,0.9442,0.3095,0.0000,0.0000
2020-03-17 15:03:05,1450,49,MNIST,USPS,MYMADA_BCEweight_entropyTrue_lateraugment,Adam,256,0.001,0.9869,0.9733,0.9462,0.3034,0.0000,0.0000
2020-03-17 15:09:00,1479,50,MNIST,USPS,MYMADA_BCEweight_entropyTrue_lateraugment,Adam,256,0.001,0.9869,0.9778,0.9517,0.3057,0.0000,0.0000
2020-03-17 15:14:38,1508,51,MNIST,USPS,MYMADA_BCEweight_entropyTrue_lateraugment,Adam,256,0.001,0.9879,0.9836,0.9397,0.3020,0.0000,0.0000
2020-03-17 15:19:37,1537,52,MNIST,USPS,MYMADA_BCEweight_entropyTrue_lateraugment,Adam,256,0.001,0.9868,0.9895,0.9078,0.3029,0.0000,0.0000
2020-03-17 15:24:36,1566,53,MNIST,USPS,MYMADA_BCEweight_entropyTrue_lateraugment,Adam,256,0.001,0.9884,0.9747,0.9367,0.3000,0.0000,0.0000
2020-03-17 15:29:41,1595,54,MNIST,USPS,MYMADA_BCEweight_entropyTrue_lateraugment,Adam,256,0.001,0.9872,0.9850,0.9447,0.3062,0.0000,0.0000
2020-03-17 15:34:51,1624,55,MNIST,USPS,MYMADA_BCEweight_entropyTrue_lateraugment,Adam,256,0.001,0.9881,0.9856,0.9512,0.3016,0.0000,0.0000
2020-03-17 15:39:47,1653,56,MNIST,USPS,MYMADA_BCEweight_entropyTrue_lateraugment,Adam,256,0.001,0.9883,0.9807,0.9427,0.3024,0.0000,0.0000
2020-03-17 15:44:32,1682,57,MNIST,USPS,MYMADA_BCEweight_entropyTrue_lateraugment,Adam,256,0.001,0.9890,0.9748,0.9571,0.3016,0.0000,0.0000
2020-03-17 15:49:20,1711,58,MNIST,USPS,MYMADA_BCEweight_entropyTrue_lateraugment,Adam,256,0.001,0.9877,0.9852,0.9422,0.3056,0.0000,0.0000
2020-03-17 15:54:11,1740,59,MNIST,USPS,MYMADA_BCEweight_entropyTrue_lateraugment,Adam,256,0.001,0.9892,0.9734,0.9542,0.3026,0.0000,0.0000
2020-03-17 15:59:06,1769,60,MNIST,USPS,MYMADA_BCEweight_entropyTrue_lateraugment,Adam,256,0.001,0.9881,0.9736,0.9547,0.3043,0.0000,0.0000
2020-03-17 16:04:00,1798,61,MNIST,USPS,MYMADA_BCEweight_entropyTrue_lateraugment,Adam,256,0.001,0.9872,0.9829,0.9437,0.3042,0.0000,0.0000
2020-03-17 16:08:53,1827,62,MNIST,USPS,MYMADA_BCEweight_entropyTrue_lateraugment,Adam,256,0.001,0.9892,0.9789,0.9497,0.3001,0.0000,0.0000
2020-03-17 16:13:47,1856,63,MNIST,USPS,MYMADA_BCEweight_entropyTrue_lateraugment,Adam,256,0.001,0.9875,0.9847,0.9517,0.3077,0.0000,0.0000
2020-03-17 16:18:31,1885,64,MNIST,USPS,MYMADA_BCEweight_entropyTrue_lateraugment,Adam,256,0.001,0.9900,0.9758,0.9562,0.3021,0.0000,0.0000
2020-03-17 16:23:18,1914,65,MNIST,USPS,MYMADA_BCEweight_entropyTrue_lateraugment,Adam,256,0.001,0.9888,0.9849,0.9367,0.3034,0.0000,0.0000
2020-03-17 16:28:22,1943,66,MNIST,USPS,MYMADA_BCEweight_entropyTrue_lateraugment,Adam,256,0.001,0.9880,0.9877,0.9397,0.3082,0.0000,0.0000
2020-03-17 16:33:23,1972,67,MNIST,USPS,MYMADA_BCEweight_entropyTrue_lateraugment,Adam,256,0.001,0.9880,0.9811,0.9467,0.3061,0.0000,0.0000
2020-03-17 16:38:26,2001,68,MNIST,USPS,MYMADA_BCEweight_entropyTrue_lateraugment,Adam,256,0.001,0.9903,0.9892,0.9542,0.3028,0.0000,0.0000
2020-03-17 16:43:21,2030,69,MNIST,USPS,MYMADA_BCEweight_entropyTrue_lateraugment,Adam,256,0.001,0.9876,0.9574,0.9522,0.3072,0.0000,0.0000
2020-03-17 16:48:48,2059,70,MNIST,USPS,MYMADA_BCEweight_entropyTrue_lateraugment,Adam,256,0.001,0.9892,0.9801,0.9576,0.3037,0.0000,0.0000
2020-03-17 16:54:32,2088,71,MNIST,USPS,MYMADA_BCEweight_entropyTrue_lateraugment,Adam,256,0.001,0.9884,0.9740,0.9427,0.3050,0.0000,0.0000
2020-03-17 17:00:09,2117,72,MNIST,USPS,MYMADA_BCEweight_entropyTrue_lateraugment,Adam,256,0.001,0.9894,0.9855,0.9576,0.3053,0.0000,0.0000
2020-03-17 17:05:41,2146,73,MNIST,USPS,MYMADA_BCEweight_entropyTrue_lateraugment,Adam,256,0.001,0.9896,0.9847,0.9517,0.3040,0.0000,0.0000
2020-03-17 17:11:25,2175,74,MNIST,USPS,MYMADA_BCEweight_entropyTrue_lateraugment,Adam,256,0.001,0.9899,0.9816,0.9547,0.3025,0.0000,0.0000
2020-03-17 17:17:13,2204,75,MNIST,USPS,MYMADA_BCEweight_entropyTrue_lateraugment,Adam,256,0.001,0.9900,0.9770,0.9596,0.3026,0.0000,0.0000
2020-03-17 17:23:23,2233,76,MNIST,USPS,MYMADA_BCEweight_entropyTrue_lateraugment,Adam,256,0.001,0.9903,0.9832,0.9427,0.3019,0.0000,0.0000
2020-03-17 17:29:08,2262,77,MNIST,USPS,MYMADA_BCEweight_entropyTrue_lateraugment,Adam,256,0.001,0.9888,0.9853,0.9452,0.3040,0.0000,0.0000
2020-03-17 17:35:19,2291,78,MNIST,USPS,MYMADA_BCEweight_entropyTrue_lateraugment,Adam,256,0.001,0.9883,0.9830,0.9437,0.3026,0.0000,0.0000
2020-03-17 17:41:37,2320,79,MNIST,USPS,MYMADA_BCEweight_entropyTrue_lateraugment,Adam,256,0.001,0.9877,0.9878,0.9571,0.3088,0.0000,0.0000
2020-03-17 17:48:03,2349,80,MNIST,USPS,MYMADA_BCEweight_entropyTrue_lateraugment,Adam,256,0.001,0.9869,0.9628,0.9621,0.3054,0.0000,0.0000
2020-03-17 17:55:15,2378,81,MNIST,USPS,MYMADA_BCEweight_entropyTrue_lateraugment,Adam,256,0.001,0.9881,0.9776,0.9392,0.3057,0.0000,0.0000
2020-03-17 18:02:36,2407,82,MNIST,USPS,MYMADA_BCEweight_entropyTrue_lateraugment,Adam,256,0.001,0.9887,0.9874,0.9571,0.3060,0.0000,0.0000
2020-03-17 18:09:31,2436,83,MNIST,USPS,MYMADA_BCEweight_entropyTrue_lateraugment,Adam,256,0.001,0.9900,0.9875,0.9437,0.3063,0.0000,0.0000
2020-03-17 18:16:23,2465,84,MNIST,USPS,MYMADA_BCEweight_entropyTrue_lateraugment,Adam,256,0.001,0.9892,0.9744,0.9581,0.3051,0.0000,0.0000
2020-03-17 18:22:57,2494,85,MNIST,USPS,MYMADA_BCEweight_entropyTrue_lateraugment,Adam,256,0.001,0.9895,0.9851,0.9362,0.3037,0.0000,0.0000
2020-03-17 18:29:45,2523,86,MNIST,USPS,MYMADA_BCEweight_entropyTrue_lateraugment,Adam,256,0.001,0.9890,0.9806,0.9522,0.3046,0.0000,0.0000
2020-03-17 18:36:36,2552,87,MNIST,USPS,MYMADA_BCEweight_entropyTrue_lateraugment,Adam,256,0.001,0.9887,0.9829,0.9591,0.3018,0.0000,0.0000
2020-03-17 18:43:11,2581,88,MNIST,USPS,MYMADA_BCEweight_entropyTrue_lateraugment,Adam,256,0.001,0.9886,0.9837,0.9522,0.3050,0.0000,0.0000
2020-03-17 18:49:54,2610,89,MNIST,USPS,MYMADA_BCEweight_entropyTrue_lateraugment,Adam,256,0.001,0.9861,0.9825,0.9442,0.3118,0.0000,0.0000
2020-03-17 18:56:42,2639,90,MNIST,USPS,MYMADA_BCEweight_entropyTrue_lateraugment,Adam,256,0.001,0.9898,0.9855,0.9571,0.3023,0.0000,0.0000
2020-03-17 19:03:31,2668,91,MNIST,USPS,MYMADA_BCEweight_entropyTrue_lateraugment,Adam,256,0.001,0.9888,0.9831,0.9492,0.3007,0.0000,0.0000
2020-03-17 19:10:21,2697,92,MNIST,USPS,MYMADA_BCEweight_entropyTrue_lateraugment,Adam,256,0.001,0.9898,0.9873,0.9447,0.3022,0.0000,0.0000
2020-03-17 19:17:16,2726,93,MNIST,USPS,MYMADA_BCEweight_entropyTrue_lateraugment,Adam,256,0.001,0.9908,0.9861,0.9596,0.3011,0.0000,0.0000
2020-03-17 19:24:16,2755,94,MNIST,USPS,MYMADA_BCEweight_entropyTrue_lateraugment,Adam,256,0.001,0.9899,0.9762,0.9532,0.3016,0.0000,0.0000
2020-03-17 19:31:22,2784,95,MNIST,USPS,MYMADA_BCEweight_entropyTrue_lateraugment,Adam,256,0.001,0.9892,0.9838,0.9547,0.3046,0.0000,0.0000
2020-03-17 19:38:31,2813,96,MNIST,USPS,MYMADA_BCEweight_entropyTrue_lateraugment,Adam,256,0.001,0.9871,0.9803,0.9542,0.3045,0.0000,0.0000
2020-03-17 19:45:41,2842,97,MNIST,USPS,MYMADA_BCEweight_entropyTrue_lateraugment,Adam,256,0.001,0.9896,0.9857,0.9581,0.3024,0.0000,0.0000
2020-03-17 19:52:54,2871,98,MNIST,USPS,MYMADA_BCEweight_entropyTrue_lateraugment,Adam,256,0.001,0.9868,0.9786,0.9432,0.3052,0.0000,0.0000
2020-03-17 20:00:07,2900,99,MNIST,USPS,MYMADA_BCEweight_entropyTrue_lateraugment,Adam,256,0.001,0.9914,0.9884,0.9611,0.2974,0.0000,0.0000
2020-03-17 20:07:20,2929,100,MNIST,USPS,MYMADA_BCEweight_entropyTrue_lateraugment,Adam,256,0.001,0.9898,0.9811,0.9571,0.3047,0.0000,0.0000
2020-03-17 20:14:37,2958,101,MNIST,USPS,MYMADA_BCEweight_entropyTrue_lateraugment,Adam,256,0.001,0.9880,0.9804,0.9522,0.3049,0.0000,0.0000
2020-03-17 20:22:01,2987,102,MNIST,USPS,MYMADA_BCEweight_entropyTrue_lateraugment,Adam,256,0.001,0.9899,0.9793,0.9522,0.3027,0.0000,0.0000
2020-03-17 20:30:11,3016,103,MNIST,USPS,MYMADA_BCEweight_entropyTrue_lateraugment,Adam,256,0.001,0.9907,0.9873,0.9537,0.3025,0.0000,0.0000
2020-03-17 20:38:08,3045,104,MNIST,USPS,MYMADA_BCEweight_entropyTrue_lateraugment,Adam,256,0.001,0.9888,0.9833,0.9581,0.3058,0.0000,0.0000
2020-03-17 20:46:04,3074,105,MNIST,USPS,MYMADA_BCEweight_entropyTrue_lateraugment,Adam,256,0.001,0.9902,0.9823,0.9606,0.3041,0.0000,0.0000
2020-03-17 20:53:33,3103,106,MNIST,USPS,MYMADA_BCEweight_entropyTrue_lateraugment,Adam,256,0.001,0.9911,0.9875,0.9591,0.3034,0.0000,0.0000
2020-03-17 21:01:15,3132,107,MNIST,USPS,MYMADA_BCEweight_entropyTrue_lateraugment,Adam,256,0.001,0.9861,0.9817,0.9542,0.3112,0.0000,0.0000
2020-03-17 21:09:35,3161,108,MNIST,USPS,MYMADA_BCEweight_entropyTrue_lateraugment,Adam,256,0.001,0.9903,0.9588,0.9562,0.3028,0.0000,0.0000
2020-03-17 21:17:59,3190,109,MNIST,USPS,MYMADA_BCEweight_entropyTrue_lateraugment,Adam,256,0.001,0.9903,0.9879,0.9482,0.3037,0.0000,0.0000
2020-03-17 21:26:26,3219,110,MNIST,USPS,MYMADA_BCEweight_entropyTrue_lateraugment,Adam,256,0.001,0.9892,0.9812,0.9596,0.3041,0.0000,0.0000
2020-03-17 21:34:48,3248,111,MNIST,USPS,MYMADA_BCEweight_entropyTrue_lateraugment,Adam,256,0.001,0.9887,0.9856,0.9532,0.3068,0.0000,0.0000
2020-03-17 21:43:16,3277,112,MNIST,USPS,MYMADA_BCEweight_entropyTrue_lateraugment,Adam,256,0.001,0.9868,0.9869,0.9571,0.3119,0.0000,0.0000
2020-03-17 21:51:39,3306,113,MNIST,USPS,MYMADA_BCEweight_entropyTrue_lateraugment,Adam,256,0.001,0.9898,0.9877,0.9562,0.3039,0.0000,0.0000
2020-03-17 21:59:54,3335,114,MNIST,USPS,MYMADA_BCEweight_entropyTrue_lateraugment,Adam,256,0.001,0.9916,0.9841,0.9452,0.3012,0.0000,0.0000
2020-03-17 22:08:15,3364,115,MNIST,USPS,MYMADA_BCEweight_entropyTrue_lateraugment,Adam,256,0.001,0.9892,0.9908,0.9462,0.3019,0.0000,0.0000
2020-03-17 22:16:36,3393,116,MNIST,USPS,MYMADA_BCEweight_entropyTrue_lateraugment,Adam,256,0.001,0.9908,0.9802,0.9562,0.2988,0.0000,0.0000
2020-03-17 22:24:55,3422,117,MNIST,USPS,MYMADA_BCEweight_entropyTrue_lateraugment,Adam,256,0.001,0.9892,0.9761,0.9517,0.3022,0.0000,0.0000
2020-03-17 22:33:12,3451,118,MNIST,USPS,MYMADA_BCEweight_entropyTrue_lateraugment,Adam,256,0.001,0.9903,0.9819,0.9482,0.3040,0.0000,0.0000
2020-03-17 22:41:27,3480,119,MNIST,USPS,MYMADA_BCEweight_entropyTrue_lateraugment,Adam,256,0.001,0.9865,0.9723,0.9537,0.3074,0.0000,0.0000
2020-03-17 22:49:41,3509,120,MNIST,USPS,MYMADA_BCEweight_entropyTrue_lateraugment,Adam,256,0.001,0.9881,0.9806,0.9347,0.3068,0.0000,0.0000
2020-03-17 22:57:59,3538,121,MNIST,USPS,MYMADA_BCEweight_entropyTrue_lateraugment,Adam,256,0.001,0.9903,0.9835,0.9472,0.3006,0.0000,0.0000
2020-03-17 23:06:17,3567,122,MNIST,USPS,MYMADA_BCEweight_entropyTrue_lateraugment,Adam,256,0.001,0.9886,0.9800,0.9542,0.3045,0.0000,0.0000
2020-03-17 23:14:32,3596,123,MNIST,USPS,MYMADA_BCEweight_entropyTrue_lateraugment,Adam,256,0.001,0.9894,0.9825,0.9601,0.3037,0.0000,0.0000
2020-03-17 23:22:48,3625,124,MNIST,USPS,MYMADA_BCEweight_entropyTrue_lateraugment,Adam,256,0.001,0.9895,0.9848,0.9581,0.3048,0.0000,0.0000
2020-03-17 23:31:22,3654,125,MNIST,USPS,MYMADA_BCEweight_entropyTrue_lateraugment,Adam,256,0.001,0.9895,0.9898,0.9596,0.3037,0.0000,0.0000
2020-03-17 23:39:53,3683,126,MNIST,USPS,MYMADA_BCEweight_entropyTrue_lateraugment,Adam,256,0.001,0.9900,0.9855,0.9507,0.3046,0.0000,0.0000
2020-03-17 23:47:50,3712,127,MNIST,USPS,MYMADA_BCEweight_entropyTrue_lateraugment,Adam,256,0.001,0.9876,0.9753,0.9527,0.3119,0.0000,0.0000
2020-03-17 23:55:47,3741,128,MNIST,USPS,MYMADA_BCEweight_entropyTrue_lateraugment,Adam,256,0.001,0.9895,0.9893,0.9432,0.3030,0.0000,0.0000
2020-03-18 00:03:26,3770,129,MNIST,USPS,MYMADA_BCEweight_entropyTrue_lateraugment,Adam,256,0.001,0.9859,0.9812,0.9621,0.3123,0.0000,0.0000
2020-03-18 00:11:06,3799,130,MNIST,USPS,MYMADA_BCEweight_entropyTrue_lateraugment,Adam,256,0.001,0.9922,0.9850,0.9497,0.2972,0.0000,0.0000
2020-03-18 00:18:47,3828,131,MNIST,USPS,MYMADA_BCEweight_entropyTrue_lateraugment,Adam,256,0.001,0.9919,0.9877,0.9522,0.2973,0.0000,0.0000
2020-03-18 00:26:30,3857,132,MNIST,USPS,MYMADA_BCEweight_entropyTrue_lateraugment,Adam,256,0.001,0.9921,0.9856,0.9537,0.3009,0.0000,0.0000
2020-03-18 00:34:15,3886,133,MNIST,USPS,MYMADA_BCEweight_entropyTrue_lateraugment,Adam,256,0.001,0.9904,0.9819,0.9616,0.3005,0.0000,0.0000
2020-03-18 00:42:06,3915,134,MNIST,USPS,MYMADA_BCEweight_entropyTrue_lateraugment,Adam,256,0.001,0.9908,0.9862,0.9507,0.3017,0.0000,0.0000
2020-03-18 00:50:10,3944,135,MNIST,USPS,MYMADA_BCEweight_entropyTrue_lateraugment,Adam,256,0.001,0.9895,0.9854,0.9507,0.3051,0.0000,0.0000
2020-03-18 00:58:14,3973,136,MNIST,USPS,MYMADA_BCEweight_entropyTrue_lateraugment,Adam,256,0.001,0.9916,0.9852,0.9452,0.3002,0.0000,0.0000
2020-03-18 01:06:11,4002,137,MNIST,USPS,MYMADA_BCEweight_entropyTrue_lateraugment,Adam,256,0.001,0.9907,0.9609,0.9586,0.2998,0.0000,0.0000
2020-03-18 01:14:18,4031,138,MNIST,USPS,MYMADA_BCEweight_entropyTrue_lateraugment,Adam,256,0.001,0.9903,0.9810,0.9447,0.3045,0.0000,0.0000
2020-03-18 01:22:29,4060,139,MNIST,USPS,MYMADA_BCEweight_entropyTrue_lateraugment,Adam,256,0.001,0.9908,0.9802,0.9447,0.3020,0.0000,0.0000
2020-03-18 01:30:38,4089,140,MNIST,USPS,MYMADA_BCEweight_entropyTrue_lateraugment,Adam,256,0.001,0.9903,0.9890,0.9557,0.3026,0.0000,0.0000
2020-03-18 01:38:52,4118,141,MNIST,USPS,MYMADA_BCEweight_entropyTrue_lateraugment,Adam,256,0.001,0.9898,0.9854,0.9537,0.3050,0.0000,0.0000
2020-03-18 01:47:00,4147,142,MNIST,USPS,MYMADA_BCEweight_entropyTrue_lateraugment,Adam,256,0.001,0.9869,0.9840,0.9447,0.3100,0.0000,0.0000
2020-03-18 01:55:09,4176,143,MNIST,USPS,MYMADA_BCEweight_entropyTrue_lateraugment,Adam,256,0.001,0.9896,0.9886,0.9517,0.3032,0.0000,0.0000
2020-03-18 02:03:16,4205,144,MNIST,USPS,MYMADA_BCEweight_entropyTrue_lateraugment,Adam,256,0.001,0.9918,0.9738,0.9596,0.3013,0.0000,0.0000
2020-03-18 02:11:23,4234,145,MNIST,USPS,MYMADA_BCEweight_entropyTrue_lateraugment,Adam,256,0.001,0.9916,0.9907,0.9542,0.2993,0.0000,0.0000
2020-03-18 02:19:31,4263,146,MNIST,USPS,MYMADA_BCEweight_entropyTrue_lateraugment,Adam,256,0.001,0.9900,0.9861,0.9581,0.3034,0.0000,0.0000
2020-03-18 02:27:45,4292,147,MNIST,USPS,MYMADA_BCEweight_entropyTrue_lateraugment,Adam,256,0.001,0.9898,0.9881,0.9641,0.3074,0.0000,0.0000
2020-03-18 02:36:03,4321,148,MNIST,USPS,MYMADA_BCEweight_entropyTrue_lateraugment,Adam,256,0.001,0.9926,0.9832,0.9532,0.2980,0.0000,0.0000
2020-03-18 02:44:26,4350,149,MNIST,USPS,MYMADA_BCEweight_entropyTrue_lateraugment,Adam,256,0.001,0.9912,0.9877,0.9532,0.2982,0.0000,0.0000
2020-03-18 02:52:43,4379,150,MNIST,USPS,MYMADA_BCEweight_entropyTrue_lateraugment,Adam,256,0.001,0.9910,0.9840,0.9552,0.3007,0.0000,0.0000
2020-03-18 03:00:59,4408,151,MNIST,USPS,MYMADA_BCEweight_entropyTrue_lateraugment,Adam,256,0.001,0.9903,0.9802,0.9502,0.3029,0.0000,0.0000
2020-03-18 03:09:13,4437,152,MNIST,USPS,MYMADA_BCEweight_entropyTrue_lateraugment,Adam,256,0.001,0.9900,0.9860,0.9322,0.3024,0.0000,0.0000
2020-03-18 03:17:38,4466,153,MNIST,USPS,MYMADA_BCEweight_entropyTrue_lateraugment,Adam,256,0.001,0.9895,0.9893,0.9502,0.3046,0.0000,0.0000
2020-03-18 03:26:19,4495,154,MNIST,USPS,MYMADA_BCEweight_entropyTrue_lateraugment,Adam,256,0.001,0.9902,0.9864,0.9567,0.3020,0.0000,0.0000
2020-03-18 03:34:47,4524,155,MNIST,USPS,MYMADA_BCEweight_entropyTrue_lateraugment,Adam,256,0.001,0.9892,0.9831,0.9601,0.3069,0.0000,0.0000
2020-03-18 03:43:06,4553,156,MNIST,USPS,MYMADA_BCEweight_entropyTrue_lateraugment,Adam,256,0.001,0.9922,0.9908,0.9626,0.2992,0.0000,0.0000
2020-03-18 03:51:24,4582,157,MNIST,USPS,MYMADA_BCEweight_entropyTrue_lateraugment,Adam,256,0.001,0.9888,0.9827,0.9631,0.3030,0.0000,0.0000
2020-03-18 03:59:43,4611,158,MNIST,USPS,MYMADA_BCEweight_entropyTrue_lateraugment,Adam,256,0.001,0.9922,0.9863,0.9562,0.2975,0.0000,0.0000
2020-03-18 04:08:03,4640,159,MNIST,USPS,MYMADA_BCEweight_entropyTrue_lateraugment,Adam,256,0.001,0.9916,0.9860,0.9626,0.3035,0.0000,0.0000
2020-03-18 04:16:27,4669,160,MNIST,USPS,MYMADA_BCEweight_entropyTrue_lateraugment,Adam,256,0.001,0.9904,0.9911,0.9631,0.3039,0.0000,0.0000
2020-03-18 04:24:52,4698,161,MNIST,USPS,MYMADA_BCEweight_entropyTrue_lateraugment,Adam,256,0.001,0.9899,0.9878,0.9557,0.3059,0.0000,0.0000
2020-03-18 04:33:15,4727,162,MNIST,USPS,MYMADA_BCEweight_entropyTrue_lateraugment,Adam,256,0.001,0.9916,0.9825,0.9507,0.2995,0.0000,0.0000
2020-03-18 04:41:39,4756,163,MNIST,USPS,MYMADA_BCEweight_entropyTrue_lateraugment,Adam,256,0.001,0.9903,0.9838,0.9472,0.3035,0.0000,0.0000
2020-03-18 04:50:08,4785,164,MNIST,USPS,MYMADA_BCEweight_entropyTrue_lateraugment,Adam,256,0.001,0.9899,0.9757,0.9547,0.2999,0.0000,0.0000
2020-03-18 04:58:40,4814,165,MNIST,USPS,MYMADA_BCEweight_entropyTrue_lateraugment,Adam,256,0.001,0.9904,0.9896,0.9497,0.3024,0.0000,0.0000
2020-03-18 05:07:07,4843,166,MNIST,USPS,MYMADA_BCEweight_entropyTrue_lateraugment,Adam,256,0.001,0.9891,0.9839,0.9552,0.3058,0.0000,0.0000
2020-03-18 05:15:33,4872,167,MNIST,USPS,MYMADA_BCEweight_entropyTrue_lateraugment,Adam,256,0.001,0.9892,0.9860,0.9611,0.3088,0.0000,0.0000
2020-03-18 05:24:00,4901,168,MNIST,USPS,MYMADA_BCEweight_entropyTrue_lateraugment,Adam,256,0.001,0.9914,0.9810,0.9591,0.2986,0.0000,0.0000
2020-03-18 05:32:28,4930,169,MNIST,USPS,MYMADA_BCEweight_entropyTrue_lateraugment,Adam,256,0.001,0.9914,0.9903,0.9477,0.3017,0.0000,0.0000
2020-03-18 05:40:57,4959,170,MNIST,USPS,MYMADA_BCEweight_entropyTrue_lateraugment,Adam,256,0.001,0.9903,0.9899,0.9547,0.3026,0.0000,0.0000
2020-03-18 05:49:31,4988,171,MNIST,USPS,MYMADA_BCEweight_entropyTrue_lateraugment,Adam,256,0.001,0.9910,0.9794,0.9621,0.3027,0.0000,0.0000
2020-03-18 05:58:03,5017,172,MNIST,USPS,MYMADA_BCEweight_entropyTrue_lateraugment,Adam,256,0.001,0.9877,0.9863,0.9532,0.3057,0.0000,0.0000
2020-03-18 06:06:39,5046,173,MNIST,USPS,MYMADA_BCEweight_entropyTrue_lateraugment,Adam,256,0.001,0.9906,0.9850,0.9571,0.3053,0.0000,0.0000
2020-03-18 06:15:14,5075,174,MNIST,USPS,MYMADA_BCEweight_entropyTrue_lateraugment,Adam,256,0.001,0.9907,0.9843,0.9611,0.3069,0.0000,0.0000
2020-03-18 06:23:54,5104,175,MNIST,USPS,MYMADA_BCEweight_entropyTrue_lateraugment,Adam,256,0.001,0.9904,0.9813,0.9532,0.3050,0.0000,0.0000
2020-03-18 06:32:26,5133,176,MNIST,USPS,MYMADA_BCEweight_entropyTrue_lateraugment,Adam,256,0.001,0.9875,0.9878,0.9517,0.3128,0.0000,0.0000
2020-03-18 06:40:53,5162,177,MNIST,USPS,MYMADA_BCEweight_entropyTrue_lateraugment,Adam,256,0.001,0.9903,0.9496,0.9636,0.3019,0.0000,0.0000
2020-03-18 06:49:20,5191,178,MNIST,USPS,MYMADA_BCEweight_entropyTrue_lateraugment,Adam,256,0.001,0.9911,0.9836,0.9621,0.3023,0.0000,0.0000
2020-03-18 06:57:50,5220,179,MNIST,USPS,MYMADA_BCEweight_entropyTrue_lateraugment,Adam,256,0.001,0.9907,0.9800,0.9527,0.3048,0.0000,0.0000
2020-03-18 07:06:20,5249,180,MNIST,USPS,MYMADA_BCEweight_entropyTrue_lateraugment,Adam,256,0.001,0.9881,0.9890,0.9532,0.3075,0.0000,0.0000
2020-03-18 07:14:50,5278,181,MNIST,USPS,MYMADA_BCEweight_entropyTrue_lateraugment,Adam,256,0.001,0.9921,0.9880,0.9567,0.2986,0.0000,0.0000
2020-03-18 07:23:28,5307,182,MNIST,USPS,MYMADA_BCEweight_entropyTrue_lateraugment,Adam,256,0.001,0.9922,0.9710,0.9532,0.3010,0.0000,0.0000
2020-03-18 07:32:08,5336,183,MNIST,USPS,MYMADA_BCEweight_entropyTrue_lateraugment,Adam,256,0.001,0.9911,0.9899,0.9537,0.3027,0.0000,0.0000
2020-03-18 07:40:47,5365,184,MNIST,USPS,MYMADA_BCEweight_entropyTrue_lateraugment,Adam,256,0.001,0.9922,0.9899,0.9562,0.3017,0.0000,0.0000
2020-03-18 07:49:24,5394,185,MNIST,USPS,MYMADA_BCEweight_entropyTrue_lateraugment,Adam,256,0.001,0.9929,0.9865,0.9567,0.3006,0.0000,0.0000
2020-03-18 07:58:00,5423,186,MNIST,USPS,MYMADA_BCEweight_entropyTrue_lateraugment,Adam,256,0.001,0.9890,0.9874,0.9537,0.3083,0.0000,0.0000
2020-03-18 08:06:40,5452,187,MNIST,USPS,MYMADA_BCEweight_entropyTrue_lateraugment,Adam,256,0.001,0.9923,0.9913,0.9581,0.2997,0.0000,0.0000
2020-03-18 08:15:18,5481,188,MNIST,USPS,MYMADA_BCEweight_entropyTrue_lateraugment,Adam,256,0.001,0.9907,0.9841,0.9601,0.3019,0.0000,0.0000
2020-03-18 08:23:56,5510,189,MNIST,USPS,MYMADA_BCEweight_entropyTrue_lateraugment,Adam,256,0.001,0.9916,0.9855,0.9576,0.3013,0.0000,0.0000
2020-03-18 08:32:35,5539,190,MNIST,USPS,MYMADA_BCEweight_entropyTrue_lateraugment,Adam,256,0.001,0.9910,0.9866,0.9616,0.3041,0.0000,0.0000
2020-03-18 08:41:11,5568,191,MNIST,USPS,MYMADA_BCEweight_entropyTrue_lateraugment,Adam,256,0.001,0.9895,0.9879,0.9442,0.3070,0.0000,0.0000
2020-03-18 08:49:48,5597,192,MNIST,USPS,MYMADA_BCEweight_entropyTrue_lateraugment,Adam,256,0.001,0.9908,0.9871,0.9432,0.3037,0.0000,0.0000
2020-03-18 08:58:26,5626,193,MNIST,USPS,MYMADA_BCEweight_entropyTrue_lateraugment,Adam,256,0.001,0.9914,0.9845,0.9581,0.2997,0.0000,0.0000
2020-03-18 09:07:01,5655,194,MNIST,USPS,MYMADA_BCEweight_entropyTrue_lateraugment,Adam,256,0.001,0.9915,0.9826,0.9562,0.2986,0.0000,0.0000
2020-03-18 09:15:35,5684,195,MNIST,USPS,MYMADA_BCEweight_entropyTrue_lateraugment,Adam,256,0.001,0.9899,0.9844,0.9532,0.3045,0.0000,0.0000
2020-03-18 09:24:09,5713,196,MNIST,USPS,MYMADA_BCEweight_entropyTrue_lateraugment,Adam,256,0.001,0.9895,0.9787,0.9502,0.3031,0.0000,0.0000
2020-03-18 09:32:41,5742,197,MNIST,USPS,MYMADA_BCEweight_entropyTrue_lateraugment,Adam,256,0.001,0.9896,0.9829,0.9442,0.3044,0.0000,0.0000
2020-03-18 09:41:14,5771,198,MNIST,USPS,MYMADA_BCEweight_entropyTrue_lateraugment,Adam,256,0.001,0.9911,0.9837,0.9571,0.2984,0.0000,0.0000
2020-03-18 09:49:53,5800,199,MNIST,USPS,MYMADA_BCEweight_entropyTrue_lateraugment,Adam,256,0.001,0.9921,0.9770,0.9601,0.3004,0.0000,0.0000
